{
    "$schema": "https://schema.management.azure.com/schemas/2015-01-01/deploymentTemplate.json#",
    "contentVersion": "1.0.0.0",
    "parameters": {
        "workflows_PreloadPOFromSAPES5_name": {
            "defaultValue": "PreloadPOFromSAPES5",
            "type": "String"
        },
        "connections_azuretables_1_externalid": {
            "defaultValue": "/subscriptions/<<<subscription id>>>/resourceGroups/sap-project-x/providers/Microsoft.Web/connections/azuretables-1",
            "type": "String"
        }
    },
    "variables": {},
    "resources": [
        {
            "type": "Microsoft.Logic/workflows",
            "apiVersion": "2017-07-01",
            "name": "[parameters('workflows_PreloadPOFromSAPES5_name')]",
            "location": "westeurope",
            "properties": {
                "state": "Enabled",
                "definition": {
                    "$schema": "https://schema.management.azure.com/providers/Microsoft.Logic/schemas/2016-06-01/workflowdefinition.json#",
                    "contentVersion": "1.0.0.0",
                    "parameters": {
                        "$connections": {
                            "defaultValue": {},
                            "type": "Object"
                        }
                    },
                    "triggers": {
                        "manual": {
                            "type": "Request",
                            "kind": "Http",
                            "inputs": {
                                "method": "POST",
                                "schema": {
                                    "properties": {
                                        "POId": {
                                            "type": "string"
                                        },
                                        "delete": {
                                            "type": "boolean"
                                        }
                                    },
                                    "type": "object"
                                }
                            }
                        }
                    },
                    "actions": {
                        "Condition": {
                            "actions": {
                                "Delete_Entity": {
                                    "runAfter": {},
                                    "type": "ApiConnection",
                                    "inputs": {
                                        "host": {
                                            "connection": {
                                                "name": "@parameters('$connections')['azuretables']['connectionId']"
                                            }
                                        },
                                        "method": "delete",
                                        "path": "/Tables/@{encodeURIComponent('MyPurchaseOrdersES5')}/entities/etag(PartitionKey='@{encodeURIComponent('ES5')}',RowKey='@{encodeURIComponent(triggerBody()?['POId'])}')"
                                    }
                                }
                            },
                            "runAfter": {},
                            "else": {
                                "actions": {
                                    "Insert_or_Merge_Entity": {
                                        "runAfter": {},
                                        "type": "ApiConnection",
                                        "inputs": {
                                            "body": {},
                                            "host": {
                                                "connection": {
                                                    "name": "@parameters('$connections')['azuretables']['connectionId']"
                                                }
                                            },
                                            "method": "patch",
                                            "path": "/Tables/@{encodeURIComponent('MyPurchaseOrdersES5')}/entities(PartitionKey='@{encodeURIComponent('ES5')}',RowKey='@{encodeURIComponent(triggerBody()?['POId'])}')"
                                        }
                                    }
                                }
                            },
                            "expression": {
                                "and": [
                                    {
                                        "equals": [
                                            "@triggerBody()?['delete']",
                                            true
                                        ]
                                    }
                                ]
                            },
                            "type": "If"
                        }
                    },
                    "outputs": {}
                },
                "parameters": {
                    "$connections": {
                        "value": {
                            "azuretables": {
                                "connectionId": "[parameters('connections_azuretables_1_externalid')]",
                                "connectionName": "azuretables-1",
                                "id": "/subscriptions/<<<subscription id>>>/providers/Microsoft.Web/locations/westeurope/managedApis/azuretables"
                            }
                        }
                    }
                }
            }
        }
    ]
}