{
    "$schema": "https://schema.management.azure.com/schemas/2015-01-01/deploymentTemplate.json#",
    "contentVersion": "1.0.0.0",
    "parameters": {
        "workflows_GetPreloadedPOFromSAPES5_name": {
            "defaultValue": "GetPreloadedPOFromSAPES5",
            "type": "String"
        },
        "connections_azuretables_1_externalid": {
            "defaultValue": "/subscriptions/<<<subscription id>>>/resourceGroups/sap-project-x/providers/Microsoft.Web/connections/azuretables-1",
            "type": "String"
        }
    },
    "variables": {},
    "resources": [
        {
            "type": "Microsoft.Logic/workflows",
            "apiVersion": "2017-07-01",
            "name": "[parameters('workflows_GetPreloadedPOFromSAPES5_name')]",
            "location": "westeurope",
            "properties": {
                "state": "Enabled",
                "definition": {
                    "$schema": "https://schema.management.azure.com/providers/Microsoft.Logic/schemas/2016-06-01/workflowdefinition.json#",
                    "contentVersion": "1.0.0.0",
                    "parameters": {
                        "$connections": {
                            "defaultValue": {},
                            "type": "Object"
                        }
                    },
                    "triggers": {
                        "manual": {
                            "type": "Request",
                            "kind": "Http",
                            "inputs": {
                                "method": "POST",
                                "schema": {
                                    "properties": {
                                        "POId": {
                                            "type": "string"
                                        }
                                    },
                                    "type": "object"
                                }
                            }
                        }
                    },
                    "actions": {
                        "Get_entity": {
                            "runAfter": {},
                            "type": "ApiConnection",
                            "inputs": {
                                "host": {
                                    "connection": {
                                        "name": "@parameters('$connections')['azuretables']['connectionId']"
                                    }
                                },
                                "method": "get",
                                "path": "/Tables/@{encodeURIComponent('MyPurchaseOrdersES5')}/entities(PartitionKey='@{encodeURIComponent('ES5')}',RowKey='@{encodeURIComponent(triggerBody()?['POId'])}')"
                            }
                        },
                        "Response_2": {
                            "runAfter": {
                                "Get_entity": [
                                    "Failed",
                                    "Skipped",
                                    "TimedOut"
                                ]
                            },
                            "type": "Response",
                            "kind": "Http",
                            "inputs": {
                                "body": {
                                    "$schema": "http://adaptivecards.io/schemas/adaptive-card.json",
                                    "body": [
                                        {
                                            "id": "aff7344e-d995-6295-a005-4a1c961fea49",
                                            "text": "Action already performed by colleague Tobias",
                                            "type": "TextBlock",
                                            "wrap": true
                                        }
                                    ],
                                    "padding": "None",
                                    "type": "AdaptiveCard",
                                    "version": "1.0"
                                },
                                "headers": {
                                    "CARD-UPDATE-IN-BODY": "true"
                                },
                                "statusCode": 200
                            }
                        }
                    },
                    "outputs": {}
                },
                "parameters": {
                    "$connections": {
                        "value": {
                            "azuretables": {
                                "connectionId": "[parameters('connections_azuretables_1_externalid')]",
                                "connectionName": "azuretables-1",
                                "id": "/subscriptions/<<<subscription id>>>/providers/Microsoft.Web/locations/westeurope/managedApis/azuretables"
                            }
                        }
                    }
                }
            }
        }
    ]
}