{"name":"e4e9d04a-d259-40ee-8b0b-9c82c68618be","id":"/providers/Microsoft.Flow/flows/e4e9d04a-d259-40ee-8b0b-9c82c68618be","type":"Microsoft.Flow/flows","properties":{"apiId":"/providers/Microsoft.PowerApps/apis/shared_logicflows","displayName":"ProcessActionableMessage","definition":{"metadata":{"workflowEntityId":null,"flowclientsuspensionreason":"None","flowclientsuspensiontime":null,"creator":{"id":"d8ee58b4-901d-426e-8529-79fb13575fe0","type":"User","tenantId":""},"provisioningMethod":"FromDefinition","failureAlertSubscription":true,"clientLastModifiedTime":"2020-09-09T07:52:42.7608252Z"},"$schema":"https://schema.management.azure.com/providers/Microsoft.Logic/schemas/2016-06-01/workflowdefinition.json#","contentVersion":"1.0.0.0","parameters":{"$authentication":{"defaultValue":{},"type":"SecureObject"}},"triggers":{"manual":{"type":"Request","kind":"Http","inputs":{"schema":{"type":"object","properties":{"buttonId":{"type":"string"},"POId":{"type":"string"}}},"method":"POST"}}},"actions":{"Condition":{"actions":{"Approve_PO_on_SAPES5":{"runAfter":{},"type":"Http","inputs":{"method":"POST","uri":"https://sapes5.sapdevcenter.com/sap/opu/odata/sap/SEPMRA_PO_APV/ApprovePurchaseOrder?sap-client=002&POId='@{triggerBody()?['POId']}'&Note='Thanks'","headers":{"x-csrf-token":"@body('Parse_JSON')?['x-csrf-token']"},"cookie":"@{replace(body('Parse_JSON')?['Set-Cookie'],',',';')}"}},"Response":{"runAfter":{"Approve_PO_on_SAPES5":["Succeeded"]},"type":"Response","kind":"Http","inputs":{"statusCode":200,"headers":{"CARD-UPDATE-IN-BODY":"true"},"body":{"type":"AdaptiveCard","version":"1.0","body":[{"type":"TextBlock","id":"cfd2ebd4-2acc-1c67-e4e0-43e2ab3c5dc2","text":"Approved","wrap":true}]}}}},"runAfter":{"Parse_JSON":["Succeeded"]},"else":{"actions":{"Reject_PO_on_SAPES5":{"runAfter":{},"type":"Http","inputs":{"method":"POST","uri":"https://sapes5.sapdevcenter.com/sap/opu/odata/sap/SEPMRA_PO_APV/RejectPurchaseOrder?sap-client=002&POId='@{triggerBody()?['POId']}'&Note='cost%20too%20much'","headers":{"x-csrf-token":"@body('Parse_JSON')?['x-csrf-token']"},"cookie":"@{replace(body('Parse_JSON')?['Set-Cookie'],',',';')}"}},"Response_2":{"runAfter":{"Reject_PO_on_SAPES5":["Succeeded"]},"type":"Response","kind":"Http","inputs":{"statusCode":200,"headers":{"CARD-UPDATE-IN-BODY":"true"},"body":{"type":"AdaptiveCard","version":"1.0","body":[{"type":"TextBlock","id":"cfd2ebd4-2acc-1c67-e4e0-43e2ab3c5dc2","text":"Rejected","wrap":true}]}}}}},"expression":{"equals":["@triggerBody()?['buttonId']","approveButton"]},"type":"If"},"get_csrf_token":{"runAfter":{},"type":"Http","inputs":{"method":"GET","uri":"https://sapes5.sapdevcenter.com/sap/opu/odata/sap/SEPMRA_PO_APV/","headers":{"x-csrf-token":"Fetch"},"authentication":{"type":"Basic","username":"<<<S-User>>>","password":"<<<password>>>"}}},"Parse_JSON":{"runAfter":{"get_csrf_token":["Succeeded"]},"type":"ParseJson","inputs":{"content":"@outputs('get_csrf_token')['headers']","schema":{"type":"object","properties":{"Set-Cookie":{"type":"string"},"x-csrf-token":{"type":"string"}}}}},"Clear_PO_from_Preloaded_list":{"runAfter":{"Condition":["Succeeded"]},"type":"Http","inputs":{"method":"POST","uri":"https://prod-91.westeurope.logic.azure.com:443/workflows/","headers":{"Content-Type":"application/json"},"body":{"POId":"@{triggerBody()?['POId']}","delete":true}}}}},"connectionReferences":{},"flowFailureAlertSubscribed":false}}