{"name":"6c6c0536-a561-4163-a40e-c8560c54c5b0","id":"/providers/Microsoft.Flow/flows/6c6c0536-a561-4163-a40e-c8560c54c5b0","type":"Microsoft.Flow/flows","properties":{"apiId":"/providers/Microsoft.PowerApps/apis/shared_logicflows","displayName":"GetPurchaseOrderApprovalsInO365","definition":{"metadata":{"workflowEntityId":null,"flowclientsuspensionreason":"None","flowclientsuspensiontime":null,"creator":{"id":"d8ee58b4-901d-426e-8529-79fb13575fe0","type":"User","tenantId":""},"provisioningMethod":"FromDefinition","failureAlertSubscription":true,"clientLastModifiedTime":"2020-09-08T12:59:16.4551503Z"},"$schema":"https://schema.management.azure.com/providers/Microsoft.Logic/schemas/2016-06-01/workflowdefinition.json#","contentVersion":"1.0.0.0","parameters":{"$connections":{"defaultValue":{},"type":"Object"},"$authentication":{"defaultValue":{},"type":"SecureObject"}},"triggers":{"Recurrence":{"recurrence":{"frequency":"Month","interval":1,"startTime":"2020-06-29T09:00:00.000Z"},"type":"Recurrence"}},"actions":{"Initialize_variable":{"runAfter":{},"type":"InitializeVariable","inputs":{"variables":[{"name":"reducedResult","type":"string"}]}},"Get_Purchase_Orders_+_CSRF_Token":{"runAfter":{"Initialize_variable":["Succeeded"]},"type":"Http","inputs":{"method":"GET","uri":"https://sapes5.sapdevcenter.com/sap/opu/odata/sap/SEPMRA_PO_APV/PurchaseOrders?$format=json&$filter=OrderedByName%20eq%20%27Firstname%20<<<S-User>>>%27","headers":{"x-csrf-token":"Fetch"},"authentication":{"type":"Basic","username":"<<<S-User>>>","password":"<<<password>>>"}}},"Parse_JSON_Body":{"runAfter":{"Parse_JSON_header":["Succeeded"]},"type":"ParseJson","inputs":{"content":"@body('Get_Purchase_Orders_+_CSRF_Token')","schema":{"properties":{"d":{"properties":{"results":{"items":{"properties":{"ChangedAt":{"type":"string"},"CurrencyCode":{"type":"string"},"DeliveryAddress":{"type":"string"},"DeliveryDateEarliest":{"type":"string"},"GrossAmount":{"type":"string"},"ItemCount":{"type":"integer"},"LaterDelivDateExist":{"type":"boolean"},"OrderedByName":{"type":"string"},"POId":{"type":"string"},"ProductId":{"type":"string"},"SupplierName":{"type":"string"},"__metadata":{"properties":{"id":{"type":"string"},"type":{"type":"string"},"uri":{"type":"string"}},"type":"object"}},"required":["__metadata","ChangedAt","ProductId","CurrencyCode","DeliveryAddress","DeliveryDateEarliest","GrossAmount","ItemCount","LaterDelivDateExist","OrderedByName","POId","SupplierName","PurchaseOrderItems"],"type":"object"},"type":"array"}},"type":"object"}},"type":"object"}}},"Parse_JSON_header":{"runAfter":{"Get_Purchase_Orders_+_CSRF_Token":["Succeeded"]},"type":"ParseJson","inputs":{"content":"@outputs('Get_Purchase_Orders_+_CSRF_Token')['headers']","schema":{"type":"object","properties":{"Set-Cookie":{"type":"string"},"x-csrf-token":{"type":"string"}}}}},"Condition":{"actions":{},"runAfter":{"Extract_epoch_datetime":["Succeeded"]},"else":{"actions":{"Set_variable":{"runAfter":{},"type":"SetVariable","inputs":{"name":"reducedResult","value":"@{body('Parse_JSON_Body')?['d']?['results'][0]}"}},"Parse_JSON_flat":{"runAfter":{"Set_variable":["Succeeded"]},"type":"ParseJson","inputs":{"content":"@variables('reducedResult')","schema":{"properties":{"ChangedAt":{"type":"string"},"CurrencyCode":{"type":"string"},"DeliveryAddress":{"type":"string"},"DeliveryDateEarliest":{"type":"string"},"GrossAmount":{"type":"string"},"ItemCount":{"type":"integer"},"LaterDelivDateExist":{"type":"boolean"},"OrderedByName":{"type":"string"},"POId":{"type":"string"},"ProductId":{"type":"string"},"PurchaseOrderItems":{"properties":{"__deferred":{"properties":{"uri":{"type":"string"}},"type":"object"}},"type":"object"},"SupplierName":{"type":"string"},"__metadata":{"properties":{"id":{"type":"string"},"type":{"type":"string"},"uri":{"type":"string"}},"type":"object"}},"type":"object"}}},"Set_variable_2":{"runAfter":{"Parse_JSON_flat":["Succeeded"]},"type":"SetVariable","inputs":{"name":"timestamp","value":"@int(first(split(last(split(body('Parse_JSON_flat')?['ChangedAt'],'(')),')')))"}},"Send_an_email_(V2)":{"runAfter":{"Pre-store_active_POs_from_SAPES5_":["Succeeded"]},"type":"OpenApiConnection","inputs":{"host":{"apiId":"/providers/Microsoft.PowerApps/apis/shared_office365","connectionName":"shared_office365","operationId":"SendEmailV2"},"parameters":{"emailMessage/To":"Martin.Pankraz@microsoft.com","emailMessage/Subject":"Purchase Order Approval from SAP ES5","emailMessage/Body":"<html>\n<head>\n  <meta http-equiv=\"Content-Type\" content=\"text/html; charset=utf-8\">\n  <script type=\"application/adaptivecard+json\">{\n    \"type\": \"AdaptiveCard\",\n    \"version\": \"1.0\",\n    \"hideOriginalBody\": true,\n\"originator\": \"0eb3a855-e2d4-4bc9-8038-b22d614e4788\",\n    \"body\": [\n       {\n            \"type\": \"FactSet\",\n            \"facts\": [\n                {\n                    \"title\": \"Supplier Name:\",\n                    \"value\": \"@{body('Parse_JSON_flat')?['SupplierName']}\"\n                },\n                {\n                    \"title\": \"Address:\",\n                    \"value\": \"@{body('Parse_JSON_flat')?['DeliveryAddress']}\"\n                },\n                {\n                    \"title\": \"Gross Amount:\",\n                    \"value\": \"@{body('Parse_JSON_flat')?['GrossAmount']} @{body('Parse_JSON_flat')?['CurrencyCode']}\"\n                }\n            ]\n        }\n    ],\n    \"actions\": [\n      {\n        \"type\": \"Action.Http\",\n        \"title\": \"Approve\",\n        \"method\": \"POST\",\n        \"url\": \"https://prod-25.westcentralus.logic.azure.com:443/workflows/\",\n        \"body\": \"{'buttonId':'approveButton','POId':'@{body('Parse_JSON_flat')?['POId']}'}\",\n        \"headers\":[{\"name\":\"Content-Type\",\"value\":\"application/json\", \"name\": \"Authorization\", \"value\": \"\" }]\n      },\n      {\n        \"type\": \"Action.Http\",\n        \"title\": \"Reject\",\n        \"method\": \"POST\",\n        \"url\": \"https://prod-25.westcentralus.logic.azure.com:443/workflows/d40100b7f7e9433cb8f4d6374d7130c8/triggers/manual/paths/invoke?api-version=2016-06-01&sp=%2Ftriggers%2Fmanual%2Frun&sv=1.0&sig=cGQTkFf7GJY8cS1ECgim1jKc1IDQWoJb6_Whv65YjE8\",\n        \"body\": \"{'buttonId':'rejectButton','POId':'@{body('Parse_JSON_flat')?['POId']}'}\",\n        \"headers\":[{\"name\":\"Content-Type\",\"value\":\"application/json\", \"name\": \"Authorization\", \"value\": \"\" }]\n      }\n    ],\n\"autoInvokeAction\": {\n    \"method\": \"POST\",\n    \"url\": \"https://prod-84.westeurope.logic.azure.com:443/workflows/f315dba1409b4d37a78e64ad28be5898/triggers/manual/paths/invoke?api-version=2016-10-01&sp=%2Ftriggers%2Fmanual%2Frun&sv=1.0&sig=msRNfzQHmMqSTozMVjTPSu0kix7ZL4bPqnPltHOhWf4\",\n    \"body\": \"{'POId':'@{body('Parse_JSON_flat')?['POId']}'}\",\"headers\":[{\"name\":\"Content-Type\",\"value\":\"application/json\", \"name\": \"Authorization\", \"value\": \"\" }],\n    \"type\": \"Action.Http\"\n  }\n  }\n  </script>\n</head>\n<body>\nVisit the <a href=\"https://docs.microsoft.com/outlook/actionable-messages\">Outlook Dev Portal</a> to learn more about Actionable Messages.\n</body>\n</html>"},"authentication":"@parameters('$authentication')"}},"Pre-store_active_POs_from_SAPES5_":{"runAfter":{"Set_variable_2":["Succeeded"]},"type":"Http","inputs":{"method":"POST","uri":"https://prod-91.westeurope.logic.azure.com:443/workflows/097d603f7e014254b684a9678b424e74/triggers/manual/paths/invoke?api-version=2016-10-01&sp=%2Ftriggers%2Fmanual%2Frun&sv=1.0&sig=_fzvcrW3zgnudTfnnwmxdBs0btGtUqgniTg-X3osBUU","headers":{"Content-Type":"application/json"},"body":{"POId":"@{body('Parse_JSON_flat')?['POId']}","delete":false}}}}},"expression":{"equals":["@body('Parse_JSON_Body')?['d']?['results']?[0]",null]},"type":"If"},"Extract_epoch_datetime":{"runAfter":{"Parse_JSON_Body":["Succeeded"]},"type":"InitializeVariable","inputs":{"variables":[{"name":"timestamp","type":"integer"}]}}}},"connectionReferences":{"shared_office365":{"connectionName":"shared-office365-b744a97c-552e-4464-979c-a55accdf8342","source":"Embedded","id":"/providers/Microsoft.PowerApps/apis/shared_office365","tier":"NotSpecified"}},"flowFailureAlertSubscribed":false}}