{"name":"8e8149d0-a37b-452d-b207-11f33a7fea0e","id":"/providers/Microsoft.Flow/flows/8e8149d0-a37b-452d-b207-11f33a7fea0e","type":"Microsoft.Flow/flows","properties":{"apiId":"/providers/Microsoft.PowerApps/apis/shared_logicflows","displayName":"GetPurchaseOrderApprovals","definition":{"metadata":{"workflowEntityId":null,"flowclientsuspensionreason":"None","flowclientsuspensiontime":null,"creator":{"id":"d8ee58b4-901d-426e-8529-79fb13575fe0","type":"User","tenantId":""},"provisioningMethod":"FromDefinition","failureAlertSubscription":true,"clientLastModifiedTime":"2020-09-09T07:52:06.4997188Z"},"$schema":"https://schema.management.azure.com/providers/Microsoft.Logic/schemas/2016-06-01/workflowdefinition.json#","contentVersion":"1.0.0.0","parameters":{"$connections":{"defaultValue":{},"type":"Object"},"$authentication":{"defaultValue":{},"type":"SecureObject"}},"triggers":{"Recurrence":{"recurrence":{"frequency":"Month","interval":1,"startTime":"2020-06-29T09:00:00.000Z"},"type":"Recurrence"}},"actions":{"Initialize_variable":{"runAfter":{},"type":"InitializeVariable","inputs":{"variables":[{"name":"reducedResult","type":"string"}]}},"Get_Purchase_Orders_+_CSRF_Token":{"runAfter":{"Initialize_variable":["Succeeded"]},"type":"Http","inputs":{"method":"GET","uri":"https://sapes5.sapdevcenter.com/sap/opu/odata/sap/SEPMRA_PO_APV/PurchaseOrders?$format=json&$filter=OrderedByName%20eq%20%27Firstname%20<<<S-User>>>%27","headers":{"x-csrf-token":"Fetch"},"authentication":{"type":"Basic","username":"<<<S-User>>>","password":"<<<password>>>"}}},"Parse_JSON_Body":{"runAfter":{"Parse_JSON_header":["Succeeded"]},"type":"ParseJson","inputs":{"content":"@body('Get_Purchase_Orders_+_CSRF_Token')","schema":{"properties":{"d":{"properties":{"results":{"items":{"properties":{"ChangedAt":{"type":"string"},"CurrencyCode":{"type":"string"},"DeliveryAddress":{"type":"string"},"DeliveryDateEarliest":{"type":"string"},"GrossAmount":{"type":"string"},"ItemCount":{"type":"integer"},"LaterDelivDateExist":{"type":"boolean"},"OrderedByName":{"type":"string"},"POId":{"type":"string"},"ProductId":{"type":"string"},"SupplierName":{"type":"string"},"__metadata":{"properties":{"id":{"type":"string"},"type":{"type":"string"},"uri":{"type":"string"}},"type":"object"}},"required":["__metadata","ChangedAt","ProductId","CurrencyCode","DeliveryAddress","DeliveryDateEarliest","GrossAmount","ItemCount","LaterDelivDateExist","OrderedByName","POId","SupplierName","PurchaseOrderItems"],"type":"object"},"type":"array"}},"type":"object"}},"type":"object"}}},"Parse_JSON_header":{"runAfter":{"Get_Purchase_Orders_+_CSRF_Token":["Succeeded"]},"type":"ParseJson","inputs":{"content":"@outputs('Get_Purchase_Orders_+_CSRF_Token')['headers']","schema":{"type":"object","properties":{"Set-Cookie":{"type":"string"},"x-csrf-token":{"type":"string"}}}}},"Condition_2":{"actions":{},"runAfter":{"Extract_epoch_datetime":["Succeeded"]},"else":{"actions":{"Set_variable":{"runAfter":{},"type":"SetVariable","inputs":{"name":"reducedResult","value":"@{body('Parse_JSON_Body')?['d']?['results'][0]}"}},"Parse_JSON_flat":{"runAfter":{"Set_variable":["Succeeded"]},"type":"ParseJson","inputs":{"content":"@variables('reducedResult')","schema":{"properties":{"ChangedAt":{"type":"string"},"CurrencyCode":{"type":"string"},"DeliveryAddress":{"type":"string"},"DeliveryDateEarliest":{"type":"string"},"GrossAmount":{"type":"string"},"ItemCount":{"type":"integer"},"LaterDelivDateExist":{"type":"boolean"},"OrderedByName":{"type":"string"},"POId":{"type":"string"},"ProductId":{"type":"string"},"PurchaseOrderItems":{"properties":{"__deferred":{"properties":{"uri":{"type":"string"}},"type":"object"}},"type":"object"},"SupplierName":{"type":"string"},"__metadata":{"properties":{"id":{"type":"string"},"type":{"type":"string"},"uri":{"type":"string"}},"type":"object"}},"type":"object"}}},"Set_variable_2":{"runAfter":{"Parse_JSON_flat":["Succeeded"]},"type":"SetVariable","inputs":{"name":"timestamp","value":"@int(first(split(last(split(body('Parse_JSON_flat')?['ChangedAt'],'(')),')')))"}},"Post_an_Adaptive_Card_to_a_Teams_user_and_wait_for_a_response":{"runAfter":{"Set_variable_2":["Succeeded"]},"type":"OpenApiConnectionWebhook","inputs":{"host":{"apiId":"/providers/Microsoft.PowerApps/apis/shared_teams","connectionName":"shared_teams","operationId":"SubscribeUserFlowContinuation"},"parameters":{"UserFlowContinuationSubscriptionRequest/body/recipient/to":"Martin.Pankraz@microsoft.com;","UserFlowContinuationSubscriptionRequest/body/messageBody":"{\n    \"type\": \"AdaptiveCard\",\n    \"body\": [\n        {\n            \"type\": \"TextBlock\",\n            \"size\": \"Medium\",\n            \"weight\": \"Bolder\",\n            \"text\": \"Purchase Order Approval from SAP ES5\"\n        },\n        {\n            \"type\": \"ColumnSet\",\n            \"columns\": [\n                {\n                    \"type\": \"Column\",\n                    \"items\": [\n                        {\n                            \"type\": \"Image\",\n                            \"url\": \"https://tse3.mm.bing.net/th?q=Grumpy+Cat&pid=Api&mkt=en-US&adlt=moderate&t=1\",\n                            \"size\": \"Medium\"\n                        }\n                    ],\n                    \"width\": \"auto\"\n                },\n                {\n                    \"type\": \"Column\",\n                    \"items\": [\n                        {\n                            \"type\": \"TextBlock\",\n                            \"weight\": \"Bolder\",\n                            \"text\": \"Martin Pankraz\",\n                            \"wrap\": true\n                        },\n                        {\n                            \"type\": \"TextBlock\",\n                            \"spacing\": \"None\",\n                            \"text\": \"@{formatDateTime(addSeconds('1970-01-01T00:00:00Z',div(variables('timestamp'),1000)),'dd.MM.yyyy HH:mm:ss')} UTC\",\n                            \"isSubtle\": true,\n                            \"wrap\": true\n                        }\n                    ],\n                    \"width\": \"stretch\"\n                }\n            ]\n        },\n        {\n            \"type\": \"FactSet\",\n            \"facts\": [\n                {\n                    \"title\": \"Supplier Name:\",\n                    \"value\": \"@{body('Parse_JSON_flat')?['SupplierName']}\"\n                },\n                {\n                    \"title\": \"Address:\",\n                    \"value\": \"@{body('Parse_JSON_flat')?['DeliveryAddress']}\"\n                },\n                {\n                    \"title\": \"Gross Amount:\",\n                    \"value\": \"@{body('Parse_JSON_flat')?['GrossAmount']} @{body('Parse_JSON_flat')?['CurrencyCode']}\"\n                }\n            ]\n        },\n        {\n            \"type\": \"ActionSet\",\n            \"actions\": [\n                {\n                    \"type\": \"Action.Submit\",\n                    \"title\": \"Approve\",\n                    \"id\": \"approvePurchaseButton\",\n                    \"style\": \"positive\"\n                },\n                {\n                    \"type\": \"Action.Submit\",\n                    \"title\": \"Reject\",\n                    \"id\": \"rejectPurchaseButton\",\n                    \"style\": \"destructive\"\n                }\n            ]\n        }\n    ],\n    \"$schema\": \"http://adaptivecards.io/schemas/adaptive-card.json\",\n    \"version\": \"1.2\"\n}","UserFlowContinuationSubscriptionRequest/body/updateMessage":"Thank you for interacting with SAP Cloud","UserFlowContinuationSubscriptionRequest/body/shouldUpdateCard":true,"UserFlowContinuationSubscriptionRequest/body/recipient/summary":"short summary","UserFlowContinuationSubscriptionRequest/body/recipient/isAlert":true},"authentication":"@parameters('$authentication')"}},"Parse_JSON_Teams":{"runAfter":{"Post_an_Adaptive_Card_to_a_Teams_user_and_wait_for_a_response":["Succeeded"]},"type":"ParseJson","inputs":{"content":"@outputs('Post_an_Adaptive_Card_to_a_Teams_user_and_wait_for_a_response')?['body']","schema":{"type":"object","properties":{"responseTime":{"type":"string"},"responder":{"type":"object","properties":{"objectId":{"type":"string"},"tenantId":{"type":"string"},"email":{"type":"string"},"userPrincipalName":{"type":"string"},"displayName":{"type":"string"}}},"submitActionId":{"type":"string"}}}}},"Condition":{"actions":{"approve":{"runAfter":{},"type":"Http","inputs":{"method":"POST","uri":"https://sapes5.sapdevcenter.com/sap/opu/odata/sap/SEPMRA_PO_APV/ApprovePurchaseOrder?sap-client=002&POId='@{body('Parse_JSON_flat')?['POId']}'&Note='Thanks'","headers":{"x-csrf-token":"@{outputs('Get_Purchase_Orders_+_CSRF_Token')['headers']['X-CSRF-Token']}"},"cookie":"@{replace(body('Parse_JSON_header')?['Set-Cookie'],',',';')}","authentication":{"type":"Basic","username":"<<<S-User>>>","password":"<<<password>>>"}}}},"runAfter":{"Parse_JSON_Teams":["Succeeded"]},"else":{"actions":{"reject":{"runAfter":{},"type":"Http","inputs":{"method":"POST","uri":"https://sapes5.sapdevcenter.com/sap/opu/odata/sap/SEPMRA_PO_APV/RejectPurchaseOrder?sap-client=002&POId='@{body('Parse_JSON_flat')?['POId']}'&Note='cost%20too%20much'","headers":{"x-csrf-token":"@{outputs('Get_Purchase_Orders_+_CSRF_Token')['headers']['X-CSRF-Token']}"},"cookie":"@{replace(body('Parse_JSON_header')?['Set-Cookie'],',',';')}","authentication":{"type":"Basic","username":"<<<S-User>>>","password":"<<<password>>>"}}}}},"expression":{"equals":["@body('Parse_JSON_Teams')?['submitActionId']","approvePurchaseButton"]},"type":"If"},"Clear_PO_from_preloaded_Store":{"runAfter":{"Condition":["Succeeded"]},"type":"Http","inputs":{"method":"POST","uri":"https://prod-91.westeurope.logic.azure.com:443/workflows/","headers":{"Content-Type":"application/json"},"body":{"POId":"@{body('Parse_JSON_flat')?['POId']}","delete":true}}}}},"expression":{"equals":["@body('Parse_JSON_Body')?['d']?['results']?[0]",null]},"type":"If"},"Extract_epoch_datetime":{"runAfter":{"Parse_JSON_Body":["Succeeded"]},"type":"InitializeVariable","inputs":{"variables":[{"name":"timestamp","type":"integer"}]}}}},"connectionReferences":{"shared_teams":{"connectionName":"shared-teams-7c3bc982-6b9b-4a32-a576-1bade8f627c3","source":"Embedded","id":"/providers/Microsoft.PowerApps/apis/shared_teams","tier":"NotSpecified"}},"flowFailureAlertSubscribed":false}}